,A,B,C,D
2000-01-01,-1.6897576069818436,-0.619904505739768,0.863786970555462,-0.18420254444850784
2000-01-02,-0.7054890708850573,-1.4453900147234866,0.9245476615421059,-0.9809760982016017
2000-01-03,-1.5032309573170162,-2.987869563499139,1.0065902125112862,-1.1416316863859364
2000-01-04,-0.9241067982397254,-3.3453392232900407,1.6159174374787262,-2.653541964162359
2000-01-05,-0.6285665948201131,-4.874027160836192,1.9775272669364492,-1.093300044350936
2000-01-06,-0.3368727655459208,-5.135311329755052,3.608908387090956,-0.08717533125923449
2000-01-07,-1.1518886862617963,-7.067862156724365,2.3302907080415465,-0.2177340335897925
2000-01-08,-1.4929431453718334,-7.284360987054857,2.067147071357839,-0.4689298083884036
2000-01-09,-3.5451584607989446,-8.913648413854402,0.3239058773390622,-1.2801908254493144
2000-01-10,-4.389350269445414,-9.199059713617503,0.3364661390680044,1.316362713256996
2000-01-11,-6.347410383521204,-8.295076096427454,-1.2644366822722102,0.019863055532991503
2000-01-12,-6.368041079216877,-7.0034818911900505,-0.9084631591061899,1.1557561927975537
2000-01-13,-5.922271678358442,-5.456520729650748,-0.9274497113503317,1.716235747755912
2000-01-14,-7.887396898957815,-6.125397833038637,-1.8952221814032482,1.8619144237775853
2000-01-15,-6.947557977530493,-7.570708635467799,-2.434460784998042,2.203207421153226
2000-01-16,-7.163348935446302,-7.890494308193824,-2.9010150302859743,2.407716687591921
2000-01-17,-5.909423916296721,-8.213268274862488,-3.443515402994199,3.9123739008866014
2000-01-18,-4.942728200739504,-6.395516937613113,-2.0032741191536294,4.069089806763584
2000-01-19,-5.525760913531843,-6.235575864824407,-2.0943469452358916,4.687998351204005
2000-01-20,-4.137707094848654,-5.662486549803286,-3.2379036036210147,6.29112668268651
2000-01-21,-3.6004288063797834,-6.311822007381219,-2.3592551831664275,8.281642782564393
2000-01-22,-3.7416026352348988,-5.5759840601416135,-1.194062913741939,6.8454617454659425
2000-01-23,-3.6744377414066864,-4.355756359952535,-1.8262144537880531,7.060808280326884
2000-01-24,-3.7647839170093254,-5.206913960910318,-2.405184113489751,7.009638681346884
2000-01-25,-4.162227229130116,-4.305601214553512,-3.1478395180586096,8.151937780982575
2000-01-26,-2.6130753672981157,-2.530880951710327,-1.6372131236443128,9.005010976977635
2000-01-27,-1.7221065704921497,-3.250979866914861,-0.6568198517516891,10.052701420956126
2000-01-28,-1.7117132544712221,-3.194220929062869,-0.365805392568075,8.414437758465604
2000-01-29,-2.3594453156436437,-4.499690540087374,0.7241578658057007,7.471675015694954
2000-01-30,-3.5398274192396855,-3.377089261470955,3.331646684277622,9.447319318558211
2000-01-31,-4.338015687122827,-3.65306625856988,4.095459823956021,10.286560692365157
2000-02-01,-4.7159528813735125,-2.8147082446969707,2.9666518022032897,10.393398445402775
2000-02-02,-4.62280064285404,-2.722583809889036,2.167100007301461,9.089495963263113
2000-02-03,-5.146243719975104,-1.3485415558743026,2.002891401023392,9.433922331016172
2000-02-04,-5.6683671040366495,-2.1602355645385662,1.3711353336958982,9.52614287757898
2000-02-05,-4.494584635936935,-1.9219808364994417,0.5215906313101364,10.43055142272813
2000-02-06,-7.002818810076431,-1.4703096765755856,-1.744501021018054,10.453076279348204
2000-02-07,-8.088531578531342,0.7835328973216371,-1.625969738351964,11.658444297322445
2000-02-08,-7.2538486617257805,1.3185099306146335,-1.4162300447776668,11.60627304493089
2000-02-09,-7.475469396126954,1.3994028008303878,-1.5844040777303723,10.80815007819848
2000-02-10,-8.075171573973533,1.9491979305685025,-0.007149977087557158,11.58136050643844
2000-02-11,-8.678647580106663,1.4540261242930268,-0.7889235790776465,12.978596285697234
2000-02-12,-8.623762928839483,1.4313711688220938,-1.4842016367581112,13.205431677462068
2000-02-13,-9.033647182172006,1.7415170904888426,-0.6223249300682243,11.887946415595907
2000-02-14,-8.161366914961286,1.9474307165353324,0.00666732626062283,11.45273715119802
2000-02-15,-7.212235317430885,1.6488299151905883,1.2397318066466747,11.296125579628335
2000-02-16,-8.380723997243788,0.6396919143250059,-1.0231433784910915,9.913788739083307
2000-02-17,-8.928031174359823,1.368782661946401,-0.9364448121775218,12.770510652267188
2000-02-18,-9.086802489774886,0.7908294091213779,-0.9001829298677146,11.817668065319497
2000-02-19,-9.041254907444225,-0.10337977588169678,-2.3149614278811006,10.972018293270647
2000-02-20,-9.539298233159196,1.1731677183839304,-1.8412621402166511,10.606686208035208
2000-02-21,-9.853554712097376,0.8819135283650014,-0.1668199253822118,12.249711467613247
2000-02-22,-7.763964399122454,1.7833857395926533,0.0020355055658652366,12.806169732601624
2000-02-23,-6.240172289776213,1.9242248325480953,-0.7905775380869648,13.825719331527388
2000-02-24,-5.661843400315347,1.0033088736202136,-0.7531337841759043,12.06505912721107
2000-02-25,-8.06879722134509,2.516292097037783,-0.3350367188778116,10.34564490372453
2000-02-26,-7.018565175050184,1.096714157237624,-2.3820552761351697,10.136211518375804
2000-02-27,-6.758405940457633,0.9403588001785974,-1.9698196522958984,11.148197689627485
2000-02-28,-7.9065673649540695,1.653150347401808,-2.967138737820058,11.273786707501966
2000-02-29,-8.334876935427463,-0.5250348212617693,-2.050798025238686,12.224472234838416
2000-03-01,-9.79116053772809,-0.9834293355052736,-2.437747270739779,12.119835229001497
2000-03-02,-10.539926769380504,-0.7643195489818613,-2.576331071930362,11.979223858650228
2000-03-03,-10.766869476833115,0.849899178080125,-2.1609936643789314,10.739801521747722
2000-03-04,-9.635113179040395,2.1434418378506486,-1.8424774533391128,11.419795693511984
2000-03-05,-7.986306492907764,3.772457215467073,-2.582097737313398,12.45714486687697
2000-03-06,-8.60410761173034,4.241707843025198,-2.0902559680483184,13.094005597407579
2000-03-07,-8.760653659402653,4.062751679236749,-1.4148436683446786,12.142385923106351
2000-03-08,-9.254631927779613,4.778959505732024,-1.3813418723405757,14.569544428724415
2000-03-09,-8.119834378545125,5.803410284667835,-3.818493631435747,13.688172373292327
2000-03-10,-8.826267534784876,4.558744079067753,-3.324200091259353,13.091328253924175
2000-03-11,-8.566097025516722,4.805590497062052,-4.169973070586095,11.703046713919457
2000-03-12,-6.7612385260515575,5.525830366795801,-3.7496039303943265,11.665942474850507
2000-03-13,-7.131697767053618,4.044500166547729,-2.44426960784485,10.984366702647442
2000-03-14,-5.337685143329022,3.1691463961131783,-2.9994160975449917,10.196008828088367
2000-03-15,-4.199678603615261,1.5572353767674185,-3.920599113452474,10.600984153381315
2000-03-16,-3.4084779430444323,2.5718646626822372,-4.630420273855765,10.726782405422188
2000-03-17,-3.1736253500791336,2.130938983299376,-3.5308026915326107,11.928082651539485
2000-03-18,-2.2562312685533654,1.6554742614158704,-3.6504382730037177,10.4200903814569
2000-03-19,-0.9427271345082582,1.440953096707372,-3.1858411155165682,10.009659638022251
2000-03-20,0.21076287025193285,-0.5228125929712555,-3.0830848363786143,8.806510489866058
2000-03-21,1.0267541257442399,-3.341775321448587,-4.229901777683333,9.332584028848062
2000-03-22,1.8330716590538736,-3.03681304202279,-3.0976004126182772,9.29845865246057
2000-03-23,0.5797005606020493,-3.8863841766858784,-2.4604530955354864,8.105073918661173
2000-03-24,1.5595046294280475,-4.9034183968069325,-3.5596583169835614,8.915635155887717
2000-03-25,0.9508530685463451,-4.0513465802500335,-4.11158781382203,9.81846541550537
2000-03-26,-0.022728593729590574,-3.595488884583763,-4.8829431135418675,10.125430488110046
2000-03-27,0.48235308704559,-2.5584193965973148,-4.9340153814951755,9.333777220373277
2000-03-28,0.15085240165586766,-3.3126261212516823,-6.443551207369165,8.616782730977564
2000-03-29,-1.102849960747127,-4.723182673160579,-6.595243532981354,8.968501397692506
2000-03-30,-3.608644685288735,-5.142413354640356,-5.897034050448647,8.28472439777513
2000-03-31,-4.169468670765142,-4.947263425550654,-6.346310806059716,9.697414948685793
2000-04-01,-5.094552590451206,-5.432864513313528,-6.75050212582107,9.058517933712713
2000-04-02,-4.35823194040098,-4.22191940184597,-6.51064450520289,9.335785640804318
2000-04-03,-4.755150610367941,-3.4575046935488483,-6.429891133363313,9.865749141111193
2000-04-04,-5.285996730801434,-3.800624286544964,-6.828447676471993,10.547595517670484
2000-04-05,-6.750809976966076,-3.898325693224364,-7.339691408675989,10.838891090103699
2000-04-06,-5.626014097071953,-3.963844711391696,-6.808020133671529,10.48372354724177
2000-04-07,-4.900004416185892,-4.7170113388767465,-6.71381950650445,10.990125167188902
2000-04-08,-6.738206056401625,-4.413437838527274,-4.949427914315833,12.251752103404153
2000-04-09,-5.53132261714771,-5.847544492633822,-6.12353262922346,11.877574343393926
2000-04-10,-5.5259295721829735,-6.853910406851918,-5.724713794057261,10.360382833046854
2000-04-11,-7.53711562823173,-6.097486217733313,-5.794197754879095,9.702132233734172
2000-04-12,-7.940246936059423,-6.252355776488002,-6.174694137554497,11.350018688135501
2000-04-13,-5.571963478410286,-4.1153359756723535,-6.086798065905083,13.195808126789075
2000-04-14,-7.044221514037719,-4.930427523478179,-5.457411654354067,13.437180270220503
2000-04-15,-6.523476694765007,-5.0991419284107975,-6.018426170267815,13.713548564249457
2000-04-16,-5.280799115684176,-4.2986012649324925,-3.8345695855950814,11.72724775596446
2000-04-17,-6.618264847365348,-4.339588393503456,-2.81823074956279,10.934894847880368
2000-04-18,-8.16493023119644,-4.720972276746841,-2.4181226770569078,11.216988389193277
2000-04-19,-7.173368977732278,-3.099411157399683,-2.3035725505115283,9.991033075062571
2000-04-20,-7.964202325871188,-2.6915620512571565,-0.8679979988877877,9.042435722879823
2000-04-21,-9.728047682171486,-2.838630957855471,0.6372884784942316,8.511455101550885
2000-04-22,-9.232906010090694,-3.6147316511257443,1.2940118548361843,9.665003817906301
2000-04-23,-9.646632553843022,-2.3070718412998934,1.3534246937658636,8.752362328721254
2000-04-24,-10.104668448804416,-2.235952363195234,0.9545525298911821,9.370490361166652
2000-04-25,-9.871278973782418,-0.6368194974363619,1.2373727565594317,8.802019274096143
2000-04-26,-10.286565874454467,-0.7749261354414249,0.8991535666818706,7.861269920867957
2000-04-27,-9.01153973601835,-1.2700208028744986,-0.0635674557789786,7.687599765275384
2000-04-28,-9.357808199885179,-0.3892148046478746,-0.5187625346573833,6.373284961784641
2000-04-29,-10.05770773576151,-1.2345104251693566,-1.2247553760931946,6.453531174298546
2000-04-30,-9.836206673471777,-2.759026116921347,-1.9142849821875676,5.740642845420267
2000-05-01,-9.087307607808318,-2.596696095338849,-2.0165305265271964,8.096021616580925
2000-05-02,-8.890705587962387,-2.911819143241446,-1.4925902106633582,9.55896886363635
2000-05-03,-9.497901469709896,-5.153945483448338,-0.2359972290969934,8.686816375060017
2000-05-04,-8.369635623783624,-7.078122377104579,0.6133606515908002,8.73621549376445
2000-05-05,-8.076684360030137,-8.251877960873632,-2.36784536175102,7.185479202760136
2000-05-06,-7.990714971288863,-7.780001482129023,-2.7887495252556214,7.4441520200143785
2000-05-07,-7.106806129852497,-7.862359504703582,-3.858384364154483,6.324159216786391
2000-05-08,-6.370708373639175,-7.074935810130991,-3.3209696381251828,5.692482033071721
2000-05-09,-5.282748570041023,-6.7358317423586485,-3.8418236318369354,4.95286446995064
2000-05-10,-5.816721471649682,-7.14033983447889,-4.21707043787702,4.1132655574211405
2000-05-11,-5.617803537920775,-8.505267969972396,-4.535522448491206,3.538746906919227
2000-05-12,-4.147964221352963,-9.298318983849278,-2.814164303339193,3.569593044998251
2000-05-13,-2.93704172228217,-8.043145602389595,-3.8589063553095087,1.3042767377804352
2000-05-14,-3.1043754196726594,-6.610212063843097,-3.5351382209004174,1.2617628183927474
2000-05-15,-2.413802295789287,-6.984468621703835,-1.815067401587424,1.4142763592440108
2000-05-16,-1.7050303794651138,-6.429830989855381,-1.1471470870391247,1.338254606176333
2000-05-17,-1.120332167740979,-7.62379414203882,-1.5594190186551877,0.9225262820457494
2000-05-18,-2.0351191810773432,-9.108331727807924,-1.8810449992401765,0.3222515069138613
2000-05-19,-3.2995301075141503,-8.728425740920978,-1.8784964482822977,1.0716864410886928
2000-05-20,-1.5991261445534322,-6.7058192657158,-1.1213062416068422,1.4302916742995753
2000-05-21,-2.5316236856367733,-5.8103939867423104,1.2171895094321772,3.536875204662864
2000-05-22,-3.991209640959622,-7.443230623672609,0.7058331264552314,2.5714130692560597
2000-05-23,-2.0013101170792096,-6.154470596049558,1.4437435431906953,2.0986137425366085
2000-05-24,-2.6929287086058085,-8.469975394972925,1.4975892913425672,1.9996589292715177
2000-05-25,-4.0200711519290735,-8.360617261704451,1.0680012113982622,1.5256198855532623
2000-05-26,-2.945456820648001,-8.784337493591401,2.6254881451783083,1.7288890030006492
2000-05-27,-2.5065500408719066,-10.209927651425263,1.711514761975774,0.1793687948121776
2000-05-28,-4.14160310440049,-12.151369231902535,1.5703553348499584,1.8590543430594701
2000-05-29,-1.7607961723092918,-11.232703398554918,1.1987703994745336,1.0951088282772656
2000-05-30,-0.480915989352807,-14.458400767964536,2.6703824131020863,1.91688594354037
2000-05-31,-0.6535154649837526,-14.009010458560999,0.17830093046518813,2.232368815703699
2000-06-01,-0.7353839721815302,-14.388892880465445,1.9113064680906222,2.3379626710318857
2000-06-02,-0.799313703616992,-15.130474625830427,3.652918177949757,0.3276488947150389
2000-06-03,-1.4880695467704377,-17.615186867911984,3.545985515601072,0.9697136705960502
2000-06-04,-1.693445116780372,-17.884922020723266,2.378715655516136,-0.007410130653596303
2000-06-05,-1.8361253950783112,-17.309443722747435,2.7191205970521555,0.7907750451016069
2000-06-06,-2.694548336607254,-16.159904236957974,4.866992311015664,2.4847338776637464
2000-06-07,-2.664012556831851,-16.946475574337896,3.845371287295876,2.0302117796100547
2000-06-08,-3.8478903414363432,-17.709155030409722,4.722631572986517,1.5600671087171067
2000-06-09,-3.1863040417111614,-18.01648707022035,4.7432811856057455,1.3150370410017458
2000-06-10,-1.8855916978896639,-18.10337389118506,3.5471710159424825,3.5548639377987556
2000-06-11,-2.5854251486196675,-17.614724453025083,1.9921209067774313,3.539254745236128
2000-06-12,-4.100803683435735,-17.07706122548555,0.9178384374270636,4.453642129058764
2000-06-13,-3.9775809062026317,-15.249726619962056,-1.066024334897949,4.147608957173518
2000-06-14,-5.0847008652210555,-13.148606341359075,0.05977673032121289,3.5217509997914895
2000-06-15,-4.265296867144062,-12.299274156848526,-0.544626262563548,3.468333663528368
2000-06-16,-4.83759974820339,-12.753081292431078,-1.5152096538686974,3.4345117557446105
2000-06-17,-4.265751426376367,-13.416627129511378,-0.6768455197658769,4.298421034989889
2000-06-18,-5.427850224961908,-11.807502196155964,-1.0339230464196694,5.388340583348133
2000-06-19,-5.388021457449147,-12.168783554542136,-0.7038752761459186,5.157762665786781
2000-06-20,-6.006713907648232,-12.599692439415714,1.154003107994004,4.724082032231311
2000-06-21,-6.446073202268976,-11.171249817779248,1.9493358427228058,2.8664898902866396
2000-06-22,-6.276878928436567,-11.729988517176194,1.7386481124049085,2.757485678662199
2000-06-23,-6.193298035213511,-9.928973014358728,4.170158155132332,2.6283514326539166
2000-06-24,-7.104823825659484,-9.083365779024211,4.488562874762915,1.707348630674174
2000-06-25,-5.7759211781635384,-10.425709836342241,4.857468393417617,3.1079246308204382
2000-06-26,-5.7051068464516925,-9.918034875611726,4.853406636563055,3.0815246672396586
2000-06-27,-6.670249759479582,-10.922087583017014,4.399650177473952,2.7159990002927885
2000-06-28,-6.373809468478879,-11.660367769874215,6.451068750745149,3.260686013640081
2000-06-29,-5.755478573776507,-10.85412764649547,9.576711310756595,2.4865565426095673
2000-06-30,-5.7643079066879395,-10.7986036003134,8.172437012695209,2.6360932264897716
2000-07-01,-5.118329373662616,-11.193372214762679,6.736264002422973,3.987450839808059
2000-07-02,-4.1868219581097135,-12.075220347334115,7.343266082131813,3.3884898911969366
2000-07-03,-3.591940174174999,-12.130867349382214,6.30662642841021,3.2535054708962914
2000-07-04,-4.450425197987601,-11.252906480560467,5.890532449449405,3.242708409931757
2000-07-05,-3.3088228855442656,-10.846769085402038,6.327547563780913,3.015062552096082
2000-07-06,-2.1954986188255594,-10.509375890169807,4.598201294714507,2.7696203903146523
2000-07-07,-1.9336495187708307,-12.191094428502222,4.551239387031177,4.310184189346733
2000-07-08,-1.183216230045117,-12.881828192063983,4.308439081092818,4.718306508445556
2000-07-09,-0.36653760159725457,-12.815210492362985,4.045170238278823,4.572269541313713
2000-07-10,-0.6714641948351137,-11.3046201966984,3.901037663092043,4.620947056941099
2000-07-11,-0.026733673593951957,-10.895943715408336,4.070162566052239,6.054378648730229
2000-07-12,0.08082851659016906,-10.942517420253806,5.532557288870934,4.536405304991607
2000-07-13,0.0252130102040792,-12.197799926809994,4.291697696617021,3.8864763161475486
2000-07-14,0.8743430172162916,-12.511452564028218,4.839445114426369,3.2466955124471832
2000-07-15,0.8424819647105907,-12.224563049578249,6.017422383592878,2.9659907303982957
2000-07-16,1.760697081457565,-11.947349386316946,3.7024682102120714,3.598534985914929
2000-07-17,1.5269931882266814,-12.879903705502496,5.251580063774481,4.721883388091623
2000-07-18,2.8157069733592266,-13.195594539658435,4.429631812414769,4.835926554226424
2000-07-19,2.4636043653017556,-14.082628252957353,5.719244825142294,4.37697041456671
2000-07-20,2.0539130994846384,-13.192668252011295,5.277008985728826,4.962238808786366
2000-07-21,2.8077806677110018,-14.450022338198783,4.770573536723081,5.819353010509053
2000-07-22,2.0372346238749905,-14.99043793546407,3.744834667930822,5.592233737845971
2000-07-23,2.93707897775379,-15.208331482996849,4.201359462311579,6.058753532367518
2000-07-24,3.70407981983449,-14.844626607076162,4.603987926683268,7.46185187063071
2000-07-25,3.027453944229541,-13.170495756361072,5.521351341260169,5.867280498829492
2000-07-26,4.002672661406032,-12.516595495812693,5.365868733204734,6.765169840321468
2000-07-27,3.2877782060298584,-12.890826868481257,5.431456457154675,7.457581188340011
2000-07-28,2.6140187742493883,-11.001839454326099,6.727986359288274,7.656181287509259
2000-07-29,2.251446450860221,-12.233398100935714,4.434717442864552,8.082282519862769
2000-07-30,1.7152874792816988,-11.842635567221857,3.2859904230084194,9.123662623040294
2000-07-31,0.9140164127260675,-12.21197631340189,2.4341116386577135,9.847501939116023
2000-08-01,-0.3509396254841246,-12.459760736256664,2.3500786000958693,9.658672731010524
2000-08-02,0.8750628968463925,-13.923132661841844,1.112594327046572,10.695960700529632
2000-08-03,2.2256388460888665,-13.513171587849062,0.29702622748026464,12.403455187342667
2000-08-04,0.16368013927029157,-12.846429061011609,-0.23300393637553052,12.525910216650077
2000-08-05,0.3015415033426523,-12.461257858257579,0.8154673656340077,10.324923941603014
2000-08-06,-0.16898814694239178,-13.102507880421381,1.5992232426829869,9.87277926839544
2000-08-07,-1.0952787617784876,-12.546006304624333,2.051164550952202,10.759430618602382
2000-08-08,0.0716363822937538,-11.434038908139108,1.1671133416147266,11.645417463657186
2000-08-09,-1.8920588253919637,-11.194857679162114,0.37971851096651876,11.051242469713161
2000-08-10,-2.087728204295772,-10.712564186008962,0.27875754102984945,12.515420090874297
2000-08-11,-1.7235313286626277,-12.54965100872764,0.9865723910163862,13.022170585553534
2000-08-12,-0.5100084002975134,-13.849819450129836,1.955837381403915,13.532833614759618
2000-08-13,0.35633226492301895,-12.186689058926358,2.0515704932998973,13.296643838160874
2000-08-14,-0.19590391485375191,-11.66183127765164,2.6479955714416668,11.904850531935569
2000-08-15,0.9921605383299116,-10.142395405057522,2.9373125799684674,13.713157438667523
2000-08-16,2.8302484766284253,-6.176893755221574,4.773835450560463,13.775214492388434
2000-08-17,1.4185537775259636,-4.625473884035919,5.204525428851611,14.093290818267775
2000-08-18,0.33883113609292725,-4.677561574470709,5.960607462411594,14.474182402039908
2000-08-19,-0.8688047108413222,-5.609691655758393,4.9899308415311365,14.252240676471754
2000-08-20,-1.448569181670971,-8.296243730993982,4.10069144248891,13.04494798395883
2000-08-21,-1.093969777032851,-9.145301227864532,4.441830492434873,13.803258817794674
2000-08-22,-0.7044714148276567,-6.589677712100048,3.7575674148209153,13.226506199672505
2000-08-23,-0.5665569279335487,-5.435338250163417,4.815720707989484,14.665622596658771
2000-08-24,-1.1736265370488688,-5.818177378682683,6.171576862225569,15.148449490427844
2000-08-25,-2.316359468439747,-5.701282464001173,6.023151165224436,15.353705970447393
2000-08-26,-1.225579878937913,-5.593661813920704,5.584009741998171,14.588901790924407
2000-08-27,-1.578708895661582,-6.1058835972046195,4.881369885638633,14.390353202968084
2000-08-28,-1.0925579940756704,-7.1709777336990355,6.222292334151032,13.685014358224997
2000-08-29,-1.2209453138233728,-8.641460232271704,5.466461602866362,12.255541085931764
2000-08-30,-2.102787834424884,-7.416271527462515,5.201091529737134,14.398798477574173
2000-08-31,-0.8246114814235186,-6.897222161823594,6.985952056635753,15.933661608901296
2000-09-01,0.14246478709279553,-7.896386156878989,6.414139827656915,16.599334812246937
2000-09-02,1.6799050922937173,-7.588017989883392,7.54902002447567,16.487512667843216
2000-09-03,1.111090424046079,-9.776090064107606,7.856114800884849,16.403417200825245
2000-09-04,0.6349192642433965,-8.306918987578939,8.365301656349716,18.048288205624818
2000-09-05,0.8598301888043627,-7.680227208834108,6.739523514538466,18.11524375938928
2000-09-06,1.0182313719278375,-9.132588129967484,7.278915212932943,17.327254089010633
2000-09-07,0.8844836174996757,-8.826333714713442,6.381290861374756,17.021596236566946
2000-09-08,0.7615136983486196,-10.008711388988598,6.545363064407767,18.371740717549866
2000-09-09,1.1219916979413593,-10.738331346062886,6.323548866245422,17.892488162643613
2000-09-10,2.188976706298245,-12.763141868526484,6.023238189935661,17.837861603235712
2000-09-11,1.1305995043170727,-13.395512056913066,5.653348848752443,17.319524596586305
2000-09-12,0.950486996116273,-12.561859006757603,4.231810037735795,17.06579013946085
2000-09-13,1.1361465374505115,-12.575492354808407,3.2393269300845056,18.129056300812604
2000-09-14,-0.15410063887155645,-14.133157260920926,1.5518031704782702,15.519040281467673
2000-09-15,-0.6611246103084255,-15.16129946200226,1.6790898215416292,15.628577839537664
2000-09-16,-1.0339076100224105,-15.453018167077564,0.671897338035305,14.705293161175032
2000-09-17,0.9155510963204239,-17.165021875354373,-1.5274974592102297,15.209979873324066
2000-09-18,0.2303564600108311,-17.19013440086274,-2.154373810368404,15.757579113655932
2000-09-19,-0.20367878252210875,-17.672009209064594,-0.6632179803116531,16.74403285903767
2000-09-20,0.7950115694112123,-18.163865115825654,-0.7616179926414459,18.480656676773766
2000-09-21,1.2907791447799348,-19.661772844122183,-1.235641102131256,19.495588653469067
2000-09-22,0.9948504433049536,-19.376951087566948,-1.2106146793785353,19.816240872588796
2000-09-23,1.0475843972509409,-19.74672586919245,0.0697208181236042,20.169039867757085
2000-09-24,0.543245887913814,-18.45595673510596,-0.6007876586340583,20.108259174712263
2000-09-25,0.8265897415424022,-18.10053000596881,-1.6377054013775432,18.608453004960147
2000-09-26,0.9717660906227447,-17.906559568081516,-1.9199560224808607,18.1388387302615
2000-09-27,1.668514103054858,-16.855568723341918,-2.4168233063186144,18.220174318846173
2000-09-28,1.0047101991696799,-16.84822630037868,-0.5427757607697232,17.313576386064387
2000-09-29,-0.3945539765377726,-15.49214449406412,0.04892326223989685,16.148658775661193
2000-09-30,0.6626139101919901,-15.745853860151616,-0.2857135966141269,16.625687548009978
2000-10-01,0.29357062617572977,-15.853300385576908,-0.1559978520264708,16.41489150240786
2000-10-02,1.0624082683557614,-15.75979716455298,-1.3229759829151004,14.541331916341555
2000-10-03,-0.12946574092747642,-14.708725489579416,-0.14843182181227976,14.812952314061238
2000-10-04,-0.4671997175210504,-15.98481678591028,0.018372875812193767,14.970371238832133
2000-10-05,-1.860634258584526,-15.054207547996096,1.7345263071978543,14.435527307431167
2000-10-06,-2.104059546211414,-14.736672775581786,1.2096233357937154,14.291421746249126
2000-10-07,-2.7747110564121296,-13.221875778679593,1.6203385706057745,13.742376047000894
2000-10-08,-1.9609104735142973,-10.98570601170649,2.594313802076193,13.656509029899693
2000-10-09,-1.2155793909515649,-10.095253438911145,2.0091930280628443,13.493068066293924
2000-10-10,-0.6197969762982739,-9.754145213097898,3.739141019628602,13.394308248070462
2000-10-11,0.8828518341080726,-11.411118467461376,3.829064339955671,14.461703588124392
2000-10-12,1.7432441956172495,-12.503444022950783,4.726479931328221,14.785485588754874
2000-10-13,1.3399844993407457,-13.025823050020591,5.634569061682588,14.011408833228291
2000-10-14,2.778783308987856,-12.673931908359426,6.175942894924071,13.113735507002101
2000-10-15,0.6290290950589896,-11.00972680869556,7.1845527544524055,10.78005789795776
2000-10-16,1.4744999131387,-10.889890052162421,6.91393376394586,9.247577156531973
2000-10-17,2.5016756410403422,-12.346366617194517,6.840906700643498,8.947364387341235
2000-10-18,2.5108820332848056,-11.981328878649068,9.066026961658116,9.797034042310445
2000-10-19,1.8611999370075685,-10.154722191712253,10.277181989242909,9.475496229723692
2000-10-20,0.8448223440104947,-9.972442653457135,10.92308723751222,9.848959150670057
2000-10-21,0.819596393555622,-7.956985024643544,11.107973971071452,9.166022252746581
2000-10-22,0.6289719061529147,-9.025546598471216,11.947795074208274,11.362909677704533
2000-10-23,0.791491782796352,-8.176652798465492,11.61271632946277,9.561101098286827
2000-10-24,0.3187888110987306,-6.687430128304593,11.358558856455508,8.280317779230836
2000-10-25,-0.3926769007641706,-5.772941624940159,9.973734643246901,6.1062441595707035
2000-10-26,-0.9480872600183918,-6.625310343208799,8.469087438504417,7.0546635689624475
2000-10-27,-2.6576941730760426,-6.567105535438142,7.794846785281534,7.0827712794819355
2000-10-28,-1.7954794567947387,-6.74409626115932,10.63994461490193,6.905525429761679
2000-10-29,-0.08799497602976225,-7.986767711777301,12.77591269530479,5.5663808667788786
2000-10-30,1.1686944546259361,-7.915544419151291,13.147966121238778,4.544893175406587
2000-10-31,0.5518945754555635,-8.95431367896365,12.750988974679558,5.465918919477685
2000-11-01,1.186582115068463,-9.985723804616375,12.501947569931364,6.809789112032686
2000-11-02,-1.495447225572421,-11.253145404256934,12.811010645252805,4.047992677725256
2000-11-03,-1.4782459961953023,-12.127609161330748,12.677641696266994,3.9007335466501027
2000-11-04,-2.1174421788993625,-13.589299026612458,12.969219382358217,2.3626296973936345
2000-11-05,-1.3515713089412233,-12.971258174493643,13.314365045249353,2.996648832069049
2000-11-06,-1.9892889033163446,-12.030726520978696,15.589161086271112,3.3885711831045024
2000-11-07,-1.0978357308751348,-12.960854271680212,15.152923066269695,5.161064273540666
2000-11-08,-2.1721259723201607,-14.748958277115134,14.002240180130743,6.990083798564902
2000-11-09,-1.9649702856160876,-13.959183060402964,13.44351717648773,7.830096397856601
2000-11-10,-1.5349861307918418,-15.558090509053844,12.64700862447957,8.253851452948055
2000-11-11,-0.9614729264151052,-17.805727719217305,12.659574015839782,7.805175366538995
2000-11-12,0.41635766614961445,-19.25577271728156,13.297484816830213,8.408085870570014
2000-11-13,-0.006589998811612707,-18.64397406598242,15.21752377267768,8.167519285564422
2000-11-14,2.246372704971603,-20.64571426792301,14.182565261358693,7.5768002609029015
2000-11-15,2.4868560660270242,-20.76033022147463,15.17915352977208,6.295925387779108
2000-11-16,1.5882841322398509,-20.62278270570107,15.432261506725679,5.9085810839778725
2000-11-17,1.1004214347373913,-20.73414201209929,14.77675422308413,6.086470432107035
2000-11-18,-0.06209181435783506,-22.104990815914736,16.10930357672451,7.988216745267978
2000-11-19,-0.9755486637738282,-22.002011182848616,16.275525374110618,7.746756838164071
2000-11-20,-1.8681600798391567,-21.28557983611856,17.11122842046028,8.376074988339743
2000-11-21,-1.0298101257174799,-21.20458408867338,15.466797700992782,7.54489587194262
2000-11-22,-0.6750014035454156,-21.483467602834697,16.197333849436276,7.128496406955407
2000-11-23,-1.019752224758001,-19.5711788635758,15.279257010234376,5.1362749571993245
2000-11-24,-1.7142267836454135,-19.862917546474606,14.962840695858482,5.186478028346064
2000-11-25,-3.001705714107922,-19.780710772256327,15.854278495581672,5.537631675277994
2000-11-26,-5.672347258857208,-18.64366610486783,16.347308843064212,5.077006120036278
2000-11-27,-6.196646143437955,-18.28703811549519,16.416753207680788,5.538713294545224
2000-11-28,-5.004075850803785,-17.453675602167863,16.231610022863403,3.9501828186988215
2000-11-29,-5.747804003606917,-18.70245465918887,16.789369782180916,6.383272502456365
2000-11-30,-6.482904294330468,-15.636597469938442,16.550682116821402,5.389610669025413
2000-12-01,-5.689966820787477,-15.15642652929219,16.762632447477582,5.833713524842401
2000-12-02,-6.322702731556012,-13.75549099798151,15.958485325576428,5.727907043221366
2000-12-03,-7.472895525457622,-14.293225431962373,15.08575189050124,5.409289394480417
2000-12-04,-6.123795401209279,-14.374109125519345,16.642285304520012,5.56735661032659
2000-12-05,-6.26049392111886,-15.993693421922382,14.915232824326853,5.501726510293598
2000-12-06,-5.286152030648697,-16.57837947477641,13.730580063978207,5.300385875602095
2000-12-07,-5.592079194555155,-15.538931065675701,14.760724263780608,4.916044506304299
2000-12-08,-7.679393664361054,-14.78881897741244,14.862128721516575,5.154815777328623
2000-12-09,-7.935924651802318,-13.882262272198666,15.168386609544509,4.446036885595823
2000-12-10,-9.301089195064868,-13.925820543653828,14.906262358455635,4.166800012688462
2000-12-11,-10.207147134032898,-14.59294205536108,15.197077306430163,4.257498622686229
2000-12-12,-9.789355806336268,-13.10476299022979,16.55442181368023,4.000280946500007
2000-12-13,-9.301395513486245,-13.64578632935226,18.041048906133653,4.157366163007542
2000-12-14,-10.564281023605178,-12.947348766133365,17.274651919889184,2.9728023731981734
2000-12-15,-8.837481017280814,-12.420819870673446,16.311676725072694,4.477567305184853
2000-12-16,-9.986037040646758,-11.207077040707743,16.306777969549543,5.683928490593241
2000-12-17,-9.442160559823513,-10.539451277280333,18.51283446949113,5.39829292234414
2000-12-18,-9.504434698951686,-10.753397111811289,19.25529717106827,4.571287725587331
2000-12-19,-10.254304103232768,-10.326659380082837,17.578856612569215,4.607326211106302
2000-12-20,-10.508735623271686,-9.024484394334287,17.86441957115874,4.665473352541796
2000-12-21,-10.347683480411174,-7.656958836054839,17.780659969865273,6.019519467344724
2000-12-22,-10.483598749120068,-8.74807894879332,17.183902756243835,6.176949999132484
2000-12-23,-10.103171967937925,-8.485484981312416,16.754518700691232,6.127687784780922
2000-12-24,-10.566991873892917,-7.835050350741533,17.608358205357618,5.986429427407139
2000-12-25,-9.420396003644592,-7.206659679092162,17.28457632202228,6.741774633027237
2000-12-26,-9.11443693748867,-6.376626367333358,17.202892768185418,6.188291271295618
2000-12-27,-10.52861328763017,-5.451592228975455,17.91005219306863,6.774169388995959
2000-12-28,-12.969913449596529,-5.14983820544774,17.543305830638616,6.695686493826287
2000-12-29,-13.11665000088527,-6.928092525862298,16.6590904290073,7.617845591732436
2000-12-30,-11.532885367367511,-7.167003180709764,17.75677262937777,6.635240445372247
2000-12-31,-13.344701880882655,-7.139525044012246,17.6177887302308,7.216425307249625
2001-01-01,-14.061080052690487,-7.993646461547656,17.041748934125422,6.430694777719361
2001-01-02,-11.278894604031159,-7.058448568935823,15.863750018344636,5.822918219047418
2001-01-03,-11.908225841458831,-6.665382695144633,15.022381206081045,7.143314045101535
2001-01-04,-13.298192301157052,-5.166971268881493,15.249425259032606,7.847762162523858
2001-01-05,-14.879376647258583,-7.2076724329837,16.588310507212686,7.752092064231933
2001-01-06,-13.848926927470975,-7.8968390095473895,15.761642908036336,8.859350955459544
2001-01-07,-14.19631608283042,-9.71166735604294,14.828520761236753,8.82131265301982
2001-01-08,-12.84959696694884,-8.021098009383465,14.277712372467276,7.33777389790547
2001-01-09,-11.876455005048696,-7.7159186189075895,13.643195452465195,7.8226468020755675
2001-01-10,-12.824843240976108,-6.67215669460876,13.82109387410764,7.16236148429844
2001-01-11,-14.431044606993638,-7.505180984795573,14.645133004705539,8.401861238339446
2001-01-12,-14.384285354572668,-9.384193824987255,13.177931612921446,8.345386938838425
2001-01-13,-17.10973009305929,-9.533295286270166,13.734457799801984,7.706768967135123
2001-01-14,-15.42091706591767,-9.667861125407653,16.218053105133748,6.030217211560931
2001-01-15,-15.896929681450462,-10.311209109091305,16.41768641533802,6.391187991311432
2001-01-16,-14.088078029650672,-10.897536158567565,16.505720255558632,5.9708134670178135
2001-01-17,-15.177923393763399,-10.49741336819408,17.007957142192687,6.372721725644858
2001-01-18,-16.508786222372155,-11.251185743808067,18.283965939284172,6.447082358555217
2001-01-19,-15.809555909410909,-11.220835201273223,17.366726294937116,6.23745815939751
2001-01-20,-15.655397263005868,-9.666298564408166,18.084564541743994,4.961149567721021
2001-01-21,-15.301487085255042,-9.454516999504108,18.598760420090723,4.5342842398498835
2001-01-22,-12.10111002714917,-8.766990882840052,20.384601316158093,7.002090847551747
2001-01-23,-12.488898916125567,-9.42459857777355,19.999607548097625,7.376299458593407
2001-01-24,-13.05689111120683,-10.18666619600692,18.502820914222816,7.980142556938727
2001-01-25,-13.036587264533283,-8.914996400209084,18.574758277261346,6.932368428582546
2001-01-26,-15.038459948490875,-10.236611635483971,18.674766403469857,7.29215190679818
2001-01-27,-14.23283018042606,-9.436627276868121,18.661129634270583,8.226869437161866
2001-01-28,-14.34922102139705,-9.254787932976285,18.321496712558833,7.498771534250642
2001-01-29,-15.170078276036694,-9.150010255613589,18.14684981766284,7.295185367612929
2001-01-30,-17.096545106657352,-9.251574778493227,17.733893465197344,7.795107328435584
2001-01-31,-18.10927477245534,-10.896013313419331,19.20946378185451,8.107052717501814
2001-02-01,-20.01566476689368,-12.247021457655082,18.6601481821189,9.092820556568803
2001-02-02,-18.19350936431267,-12.15158791224544,18.880205087962988,9.766066833545406
2001-02-03,-18.514050348160197,-11.382908377097204,19.584069048949875,9.318821513166078
2001-02-04,-19.14575362514311,-12.207456500407229,20.168343784425073,7.134704822098527
2001-02-05,-17.7568783077528,-12.982097029062535,19.090426820007977,6.229923074747469
2001-02-06,-19.63026584035969,-13.099567762157681,19.719475868901128,5.885942689421057
2001-02-07,-19.497649937845768,-13.594802934259192,18.960538167647087,5.873524826574438
2001-02-08,-18.15662528277162,-11.739809940528266,19.492786881285415,5.37209212292063
2001-02-09,-17.353975169542295,-12.508615937889562,20.02189894667825,5.486875752399104
2001-02-10,-18.869769866640343,-12.746485155854069,20.024114633577547,4.721572554053289
2001-02-11,-19.187362277452436,-11.301950253100093,21.774591347369,4.297478783677618
2001-02-12,-19.870788580234393,-12.076625292621877,21.490981747800312,4.574726437992539
2001-02-13,-20.29968269326428,-12.867525964873025,20.73129707573666,4.794684241184213
2001-02-14,-19.41121847972104,-11.625342654517405,20.637412629674216,4.41761818234324
2001-02-15,-18.637115501835147,-13.277167504214574,19.79381008286039,3.1791599949129106
2001-02-16,-18.34344842867887,-12.939175833117556,21.12191902815616,2.178197365259813
2001-02-17,-18.176652166817064,-12.776323862511413,20.39142736319581,-0.21368439555389385
2001-02-18,-16.746887454605357,-12.609239896919522,20.57804694723121,-0.48524651339433855
2001-02-19,-17.439817788323044,-11.920023143324649,21.65434628533958,-2.9894087226212958
2001-02-20,-16.285882076222148,-12.374739186299717,19.953290977392662,-2.255543348011426
2001-02-21,-14.324621486338968,-11.218888463404955,21.100989647882514,-3.5702910902532325
2001-02-22,-15.610942489322879,-10.775354272781296,20.104707690033212,-3.696891329972042
2001-02-23,-15.026733281195938,-9.246172762333407,19.07323442258223,-2.6680641063908106
2001-02-24,-14.899041765462007,-8.074557927032313,19.849112938535242,-3.3406566768797594
2001-02-25,-14.764694780846373,-7.886499727837814,19.72501655250059,-1.5121475746381223
2001-02-26,-14.781211998346443,-7.4118864264214315,20.421143562464074,-0.8725289112288876
2001-02-27,-14.284502494103178,-8.7283818731639,18.4111191718967,-1.8979946679685582
2001-02-28,-13.001836800559756,-8.817673325562595,17.588021144895635,-4.113925705027074
2001-03-01,-11.749760947106758,-8.261892871082997,17.601331622674035,-3.918650131273649
2001-03-02,-12.696597227816913,-7.407940180796199,16.99531597409209,-2.50547515651967
2001-03-03,-12.519041069395298,-9.010832954364092,17.911990900304676,-2.5265343270637346
2001-03-04,-12.639265970287747,-8.90972617427789,18.086390906011825,-3.437184290033114
2001-03-05,-12.546276498783497,-8.683471157634372,19.093963893679735,-4.264243651970095
2001-03-06,-11.672859829373836,-8.644801162811694,17.40526016521048,-3.002493473151123
2001-03-07,-12.181697963991207,-7.165366971106444,17.993024020022716,-4.067664743646903
2001-03-08,-13.158765649917228,-7.927098448450344,17.820246234031988,-2.039987052577033
2001-03-09,-13.083016625946064,-7.124724362586428,17.09732681880064,-3.073304778493255
2001-03-10,-13.177225126261543,-7.4240986008202166,16.952658648171514,-4.1145049991130325
2001-03-11,-14.037032484376796,-9.504270514321224,15.81803849824707,-2.891009687237602
2001-03-12,-12.513737043708852,-10.883307439730535,17.840446693048005,-2.472492886014981
2001-03-13,-12.475382658514155,-9.946140578671683,17.71227875058839,-2.127527664230325
2001-03-14,-12.24672218143287,-8.963252076336637,17.411761159820973,-0.9554410895624277
2001-03-15,-12.371478941041003,-6.820322576948994,18.034118048472205,-2.1371061062258394
2001-03-16,-11.792469084878443,-6.370620085186112,18.435956415264886,-3.283054774591988
2001-03-17,-13.08806871422425,-6.53052781247193,19.45320410512892,-2.4050977746385103
2001-03-18,-12.926432933741909,-7.00685859848972,19.19881112260658,-2.0645106464978267
2001-03-19,-13.009140099808462,-8.411201026787804,18.949358952677965,-2.1321769093604295
2001-03-20,-12.950098734251997,-9.919457203477995,16.01174161313564,-0.9782671973876347
2001-03-21,-13.758219423804379,-9.911285450479342,16.49273847869229,-1.179996712350363
2001-03-22,-13.855105045734655,-10.745353301562664,14.593328394660174,-2.433845927914504
2001-03-23,-12.831374767857334,-10.064223004226394,14.272073904108087,-2.699081194201941
2001-03-24,-10.36699828479456,-8.681909341402623,12.868392977815603,-2.3295865479403783
2001-03-25,-11.895567147799245,-8.173059451960407,13.0767363817182,-2.8045511945862116
2001-03-26,-13.195484069080644,-6.759459235402056,12.227816853540089,-2.696523848831088
2001-03-27,-12.237200434872655,-5.8106074355709465,12.378870414421296,-3.580753876671722
2001-03-28,-11.193665885694257,-4.6792149213172465,11.719354600638304,-2.969592730374539
2001-03-29,-12.390871551538591,-2.694687273041643,11.443869903493182,-1.719222392391545
2001-03-30,-11.811902407585668,-1.9850720960063868,10.54947482704299,-3.205982344095118
2001-03-31,-12.276379257810163,-4.276370392466449,9.239078694406658,-4.330719014441214
2001-04-01,-12.461058917885836,-4.357188760247917,7.4429610324498165,-2.7223464930445447
2001-04-02,-10.522955087664275,-4.38439875416034,7.012101817038518,-1.7167511252375163
2001-04-03,-11.203650659837345,-3.4555728466345546,7.311492375207065,0.12022374625870991
2001-04-04,-10.993567218005584,-3.894707944068832,7.310007734922661,0.21907139140744675
2001-04-05,-10.141461759599789,-4.095337075900024,7.962563902272452,-0.0380518001091249
2001-04-06,-10.498436637163767,-3.116798855283504,7.864609536698292,0.8525297096445154
2001-04-07,-9.18175830405002,-3.4812903935245556,6.996810976739817,0.9125267307272134
2001-04-08,-9.96830538280803,-2.6261469559101336,6.206080211325184,0.4366050802516963
2001-04-09,-10.37894556355184,-2.4640423442821895,8.270931328988935,0.7768469001845753
2001-04-10,-10.630386647701805,-2.0611964844645554,7.481716981420374,-0.07764013472814957
2001-04-11,-9.740169624445166,-3.2913754838591354,8.290956374679945,-1.0025933233215083
2001-04-12,-10.000885426066265,-3.108005115477209,6.691417447754619,-0.14843473160084342
2001-04-13,-10.695277232425031,-2.921391511852282,7.549112466288594,-1.0728434363247192
2001-04-14,-9.70807302723916,-0.9631085886624904,8.364667167406472,-0.4424276766310522
2001-04-15,-9.716206242026594,-0.6856768334653316,7.155296418618163,1.0846763984913113
2001-04-16,-8.7532707037086,-0.22723813929634934,6.535224812441909,-0.2679670248825401
2001-04-17,-9.38906028120079,-1.6177258372457075,7.089016821543932,2.1980968833860786
2001-04-18,-10.401046895367015,-3.4146501971317766,7.256184065656931,1.593136762753478
2001-04-19,-10.887539914208935,-4.575020556555367,7.739723470447977,-0.5956691096391831
2001-04-20,-10.538902779650696,-3.0935885924762747,9.321513249525722,-0.03374060948580515
2001-04-21,-10.445343558831626,-2.920333124320571,10.157029288173629,-1.446057635601485
2001-04-22,-11.343890010132855,-3.8559829778702666,9.511601513707578,-2.5396236116914777
2001-04-23,-11.843037495777512,-3.9426073445032324,9.007201130791705,-2.73639850693129
2001-04-24,-12.458732974620457,-2.8574256358795056,9.292817369353758,-0.7553809040209924
2001-04-25,-10.805088296324193,-3.5216930968575237,9.555140824041745,-1.5529169038694568
2001-04-26,-10.945836759711403,-4.594493655931019,9.618416018216763,-3.422911158797301
2001-04-27,-9.441999813422443,-3.7200557208511165,9.120174791245192,-3.9424368780981776
2001-04-28,-10.567165385317978,-4.501447349392083,8.80466036312438,-3.5965839980534544
2001-04-29,-12.166794187232478,-4.469742651821754,8.841730765873939,-3.4480473354500645
2001-04-30,-10.76536536647892,-6.236707736391586,9.561750905148203,-4.377012889185737
2001-05-01,-10.093103723328934,-7.9320423224051915,9.830131143580404,-5.423349543420269
2001-05-02,-8.682140384809504,-7.11693379827525,10.352228946846397,-4.749524288156776
2001-05-03,-6.697012502524959,-6.704130925525511,11.466007645726826,-5.198125255745277
2001-05-04,-7.837544167371506,-5.7272711525010775,12.928111053992957,-6.236267574434462
2001-05-05,-7.275323746392298,-5.269151332179893,13.089250543777133,-5.962711820979674
2001-05-06,-6.202741686890677,-3.7567887330708354,12.933335848786937,-4.633174247438533
2001-05-07,-5.909862848022128,-4.644627570392447,14.18891213177415,-3.1009360952071483
2001-05-08,-4.49100113948837,-6.251880655107574,13.92329385660636,-4.625892090478781
2001-05-09,-6.235393808234957,-5.905954210487634,13.576380689518087,-3.5013469972322087
2001-05-10,-6.122738726142881,-4.3679206658250145,15.524033884038083,-4.882655077179053
2001-05-11,-6.252069834733969,-6.074622089341253,13.581100663908286,-4.241300150747228
2001-05-12,-4.7250776056283295,-5.696045105448742,13.969970094522921,-5.087938261849214
2001-05-13,-3.747708069608799,-4.38929366842618,12.423975101827521,-5.437974597966582
2001-05-14,-3.5160033934512422,-4.1423593166984585,12.449970461658856,-5.926545468898902
2001-05-15,-3.5392107966496815,-3.579805708327827,11.784032633857711,-7.158921254834288
2001-05-16,-2.8854773616587073,-3.469635889515548,11.981445684817007,-7.112785288147114
2001-05-17,-2.8232969912362424,-2.766449103124697,13.061285071086338,-5.702672694998704
2001-05-18,-2.3804571250207127,-1.5149828931740932,12.825332866607736,-4.772100763008495
2001-05-19,-0.6582500243769556,-2.140181738712555,12.309376220413396,-5.22998239706009
2001-05-20,0.5783662472236504,-1.8736526899891996,12.09272977688194,-5.005425103671802
2001-05-21,0.03522660253448584,-2.28003690176185,13.082071970107574,-2.902074281179692
2001-05-22,-0.02660589065621445,0.3962553774526807,14.44038989920758,-3.226326380659508
2001-05-23,0.9936609659562606,0.24324310778409278,14.882193899535702,-3.3055335365469536
2001-05-24,0.592519879855457,2.6589827967995476,16.127738282696143,-3.516147171457547
2001-05-25,1.4735104807665302,3.084027845616032,14.798591251132848,-2.8122341922038636
2001-05-26,1.4126388997411763,2.3404839216575235,14.609780372994443,-3.4703775768993195
2001-05-27,1.5259047860796344,2.733824440402778,15.147981700798235,-3.7494408352824933
2001-05-28,0.3387542108205204,2.6813259090297388,14.697247807207859,-4.537255694446978
2001-05-29,-1.973111608644492,2.8593379868073088,14.88278423548503,-3.5967494597575778
2001-05-30,-3.328901945841972,2.7154120439348226,13.35706719991839,-5.26875077692965
2001-05-31,-4.898453683850736,2.139865604666473,11.418663063450207,-5.77765918900062
2001-06-01,-4.663397350382362,1.91625466218502,11.81012576646407,-5.7076578614426134
2001-06-02,-3.096860496562037,0.4405694750788569,11.154964661721587,-4.637824093023736
2001-06-03,-2.3779539073587177,-1.0069754656803585,12.145207883730295,-3.258079971432783
2001-06-04,-3.013137944680322,-0.8483593564963078,11.728823793306578,-4.238723601477809
2001-06-05,-1.5829026577835164,-0.4060686281149393,11.48279790942916,-6.464762227144394
2001-06-06,-2.9957818157475464,-1.352820400214147,12.625789923412613,-6.6960924166518625
2001-06-07,-3.1370123360088775,-1.0241384193985312,12.715910955247516,-7.109828825717223
2001-06-08,-2.4004888968581364,-0.5637407023488827,12.66488284856099,-6.973652092612689
2001-06-09,-2.2782732748836345,0.5509635951613672,11.949508414763033,-6.41117629343618
2001-06-10,-1.4382827366358488,1.0025647507279511,10.739234414066692,-6.46236830479632
2001-06-11,-2.0769726585805888,0.03365040173128142,9.807407179408562,-6.57565508552549
2001-06-12,-2.546249568045929,0.5694435511802606,11.103922100168493,-5.694469926522775
2001-06-13,-3.29029794881635,1.7590585613969854,11.72969981585587,-7.592760589514798
2001-06-14,-3.8516617528373454,1.4958596472056367,12.06596238247285,-6.687999673470918
2001-06-15,-3.48800028634888,0.3308196861287154,12.57577218579831,-5.713641885755991
2001-06-16,-3.9837826245149563,1.165797504794138,11.872554749812505,-4.756689922135982
2001-06-17,-2.524031562402598,0.797911547275256,13.36150142586936,-4.675080141076718
2001-06-18,-2.052417894908962,0.742624016007852,13.24902228001692,-6.376396577457368
2001-06-19,-2.36119430563759,0.09214660481134296,13.226437123096936,-7.916307144605937
2001-06-20,-2.8291819880793687,0.7574760835970329,14.954727693097345,-8.209474395815224
2001-06-21,-2.689268980985109,1.3253230972305483,14.927416583462675,-8.078655272739152
2001-06-22,-3.4565823538307185,2.3444633873029086,14.78772478226434,-7.057861827446472
2001-06-23,-3.489792594128147,2.360255360064898,15.608598559959704,-6.379753921736295
2001-06-24,-1.2700040576648566,1.3532390119404218,16.069765806846284,-5.216201262812813
2001-06-25,0.16230356848007665,1.2799394048636228,15.646417384525273,-5.958670236380291
2001-06-26,0.17970051208533366,1.86976451122491,16.469107063070396,-5.551190984766945
2001-06-27,-0.8983459934651621,1.3453209667288912,17.163854971506495,-5.364439948546669
2001-06-28,-0.9274880818324353,1.062657514246589,18.14058429738969,-6.525366602182013
2001-06-29,-0.22914094835288323,2.812830925672989,18.072935773946593,-8.23516792818432
2001-06-30,0.710394610310675,2.801566509776428,18.860058554180775,-9.769450876950746
2001-07-01,0.7471778158578015,2.9614708246427055,19.869626486718516,-8.220896671192921
2001-07-02,1.7557575840068442,3.555213330514985,19.60316157198103,-7.993126694892087
2001-07-03,2.5329082555278415,3.5079557221282123,18.926648205189142,-7.6212370812152415
2001-07-04,1.6683725997665682,4.463572871139222,18.271523749735266,-6.328574743421253
2001-07-05,1.7031822970474788,5.146916944425825,17.838854477933772,-5.631305919865167
2001-07-06,0.7476655201215574,5.424087030986608,17.892410074736716,-5.2022700629051535
2001-07-07,-0.5925835998719229,4.947206950474326,17.318721500995405,-6.6390999690708306
2001-07-08,-0.33524314535168265,6.36266683549559,17.768624720867393,-5.487716665696904
2001-07-09,0.18357005145579053,6.408643407844917,17.847577063031807,-5.2586599956078945
2001-07-10,0.664022656338513,7.369622805556991,18.24740295924841,-4.20877818986426
2001-07-11,0.6838130997435744,7.247202150551002,18.596403960616257,-3.6116661053126338
2001-07-12,0.6507310261614849,8.171967805809729,18.32627727506721,-2.800351770337336
2001-07-13,0.8441755166320337,7.182645405822702,17.237656171826224,-3.8813791210703874
2001-07-14,0.0013692151489586024,7.816793367542073,17.730288944073482,-5.241520360173676
2001-07-15,0.694634343250025,8.156544783858184,16.220158818478883,-6.316118670805094
2001-07-16,-0.05138093830198087,8.922705823588634,16.894226127084895,-6.096908629735309
2001-07-17,0.27376428571533223,10.840305935048939,16.74121193203668,-7.8516005765405925
2001-07-18,-0.645562221730801,10.474649211454977,16.102057804265165,-8.30667886006773
2001-07-19,-0.5768614129111732,11.848034219328799,16.045337404365043,-8.534079445713541
2001-07-20,-1.9829313612517487,11.90317882187178,15.451581612411804,-9.240405193914693
2001-07-21,-3.595041639221754,11.20720345403891,14.96484407394714,-9.828867355043618
2001-07-22,-3.7916545763264033,11.478002549865213,13.946817700629307,-9.716021404711505
2001-07-23,-4.409269813348067,11.708010616864959,14.118787175065279,-9.829807306411315
2001-07-24,-2.5723573054495574,11.169272046412996,14.14894120451945,-8.874275624011648
2001-07-25,-3.371007174760938,11.799381806342886,14.847842533166697,-8.856349573771618
2001-07-26,-3.362090748214408,9.082281981867524,14.7181746177711,-10.25786476862541
2001-07-27,-2.3027463941018746,8.975403282162933,12.865337677085865,-10.87482966576858
2001-07-28,-0.5793548953990668,9.039404497158241,11.81816060482873,-11.397537663444592
2001-07-29,-0.5337109302115368,9.170978753200675,10.079933765575957,-11.388536880676911
2001-07-30,-0.7949569265288452,8.10262481054271,11.028241380431142,-11.450176268041526
2001-07-31,0.8842571060381801,8.579627810546121,10.91424598232283,-10.61398216822367
2001-08-01,1.3196402149535884,8.893207696836894,10.057353840896116,-9.895680196316277
2001-08-02,1.2685264145627928,8.436165416684563,8.744254531586465,-9.08171381916636
2001-08-03,0.9217092391451727,8.975858413315487,8.613060539223357,-7.496353187620729
2001-08-04,1.8229446265008593,11.087104251054447,7.888904232877383,-6.331535147010967
2001-08-05,2.1581317439308996,12.148665366995436,5.885356284953412,-7.472345994313265
2001-08-06,4.390605198533353,11.567319433192313,6.38962849113499,-8.553769343900163
2001-08-07,2.591376862627146,9.081560593811025,6.2266894240447135,-8.666763870127939
2001-08-08,4.017959238771293,9.39837930327922,6.634499791281341,-9.634193815609201
2001-08-09,5.3989022067921155,10.143558719097944,4.438793335492205,-10.56696287398913
2001-08-10,3.132856970294186,10.020928763152435,6.276283766583036,-10.762933317309622
2001-08-11,2.7924574029479508,9.162388568781687,6.225859209331594,-9.827120313877385
2001-08-12,3.6032101147165,8.175401062426756,6.141255916440737,-8.009950108722686
2001-08-13,3.9352676268924873,7.87767689401581,4.4552110503032525,-7.069804597526001
2001-08-14,4.247404028477277,9.459282569078571,5.027498816087736,-7.385325398279941
2001-08-15,4.072780477237451,9.250392580814978,5.234708944214929,-7.147538224858839
2001-08-16,5.065470430642514,8.963973794713628,5.009378368437261,-7.788739286610529
2001-08-17,5.733020116841253,10.132070597979366,7.056793971416212,-6.474445514505783
2001-08-18,6.6654738155872035,10.377906270988644,9.104340505802918,-6.125348028880058
2001-08-19,6.989434270893907,8.729938174828787,8.124969790145931,-4.8908190969113745
2001-08-20,4.743716515579033,8.134465451854767,6.881805746189225,-5.041480690700092
2001-08-21,4.665729751697744,8.39691146956704,7.812965436264708,-4.267671543501733
2001-08-22,3.642784485863033,7.235940886227275,8.94213509916163,-3.951063719539154
2001-08-23,3.285441480701233,6.696640849512239,8.259003516320172,-3.0118592419170716
2001-08-24,4.778957032874747,6.3244351169760185,7.003011070536673,-1.7276716973449033
2001-08-25,4.489426253607668,5.498787499098029,7.628915833560311,-2.34055249816796
2001-08-26,2.932936798621241,4.773952996695595,7.477075835346987,-1.8099593719079095
2001-08-27,3.716095178086751,4.923325266047413,7.006549467520447,-4.216215044227376
2001-08-28,3.92982453089104,6.875162491311425,5.850404509020989,-3.600366723371488
2001-08-29,2.6858300629375567,6.961050121735261,6.1536039455838765,-2.79887019589565
2001-08-30,4.807983055221552,9.070351450537254,7.150736421143029,-2.1014383557498237
2001-08-31,5.75452521682578,8.860304720704912,5.7979906870517635,-2.7184021722991183
2001-09-01,5.485410241936197,9.130139335002603,5.153555414338924,-2.9250794874965296
2001-09-02,6.093181195063288,8.405859754144007,5.411238071892366,-2.245793932218634
2001-09-03,6.4598006226048765,8.02752482967284,4.310289695845963,0.4822136310521823
2001-09-04,7.074785753070749,8.68747934463434,3.8621532834087287,-0.1822832783091186
2001-09-05,7.253589187403535,8.865564247578497,3.138189256223155,1.0465513289728137
2001-09-06,8.712423790310304,12.121960119083605,3.096751708738886,3.324265439095943
2001-09-07,8.50748380397651,11.44241686227629,0.7102112855504679,3.6323550062479613
2001-09-08,9.138166121325469,11.915225076331362,-0.26488509716116515,4.013401027427923
2001-09-09,8.425397027508081,11.30976097361599,-0.36814180863840384,3.0836716686787344
2001-09-10,8.061296772448273,13.771764501884594,-0.41882838475297124,2.9554525053219804
2001-09-11,7.518305984454928,13.44964472119855,-1.8076760944354282,2.7329292735700954
2001-09-12,6.568603347158973,13.435961541777086,-2.9021820722376837,2.6433553512121724
2001-09-13,6.1198993844663425,12.341709676285248,-3.7860596620837264,2.796935039130973
2001-09-14,7.503356989736919,13.196406862559446,-6.396247848901895,2.973071161536768
2001-09-15,5.864554920707075,15.15196531742901,-7.4511022133675775,2.6983144368858203
2001-09-16,5.959897648353733,12.65393854595396,-5.813547205706737,2.9784290662602695
2001-09-17,5.411512109920954,12.680439541320903,-4.051989262135079,2.3276168393150187
2001-09-18,4.397448439943261,13.217858844907665,-3.4550902438384448,0.6836206150441604
2001-09-19,4.696808042628948,13.15867555712994,-3.815515993801578,0.23413758783112687
2001-09-20,4.775192056016216,14.152554900043565,-3.2873126967949875,0.6938961025090211
2001-09-21,4.182556526878199,13.155203360860309,-2.892027697192242,1.4576800464440867
2001-09-22,3.703839107744578,14.45570871168268,-4.110360422690417,-0.15538233344306174
2001-09-23,2.8872686575795097,14.16053376152759,-1.4579228259648818,-0.9429734179481994
2001-09-24,2.8729482880889208,14.71895837503454,-0.13213094341752285,-1.4808204909357303
2001-09-25,1.2632571513465298,15.199087755902989,-1.0598363872870018,-1.63683363194069
2001-09-26,0.757075911230787,15.826923876791868,-0.637456413142476,-0.2925246562640409
2001-09-27,1.9212827359772036,16.24588821955798,-1.6919107507320703,-0.8172813957537091
2001-09-28,0.766952998985124,18.946629935213203,-1.4458059275476551,-1.5091765656153338
2001-09-29,0.6392279304184825,17.025846187178505,-2.1976750945278485,-1.6503234212352458
2001-09-30,1.8483635285140656,17.15369970984721,-4.535681575086831,-1.4041775485971395
2001-10-01,-0.03183170105726907,15.691437259301761,-4.372833069640717,-1.672781567246483
2001-10-02,0.892669822328337,15.800633285297243,-4.275305755024165,-1.124624677155912
2001-10-03,-0.07630382148204551,16.466863644741533,-2.7733062724603865,-1.2311046248296944
2001-10-04,-0.40685310898548394,15.858705281181166,-0.8943899735350691,-0.3536344577763997
2001-10-05,-0.3908941243868204,14.776835074020621,-0.7479317944273767,0.513903511833877
2001-10-06,-3.1071769242126615,14.199044882097288,0.45917449763042684,-0.287845836962199
2001-10-07,-3.4666718049196055,14.625383617480685,-1.0860371313124715,-0.2889099757579052
2001-10-08,-5.293614599208408,15.412397269190816,-1.4050752539349451,-1.468316085282452
2001-10-09,-3.773364472681865,14.376001328278257,-2.0789276024159484,-1.4633605647158647
2001-10-10,-2.8343836702668073,13.539499220188928,-1.3843621188343607,-0.9893163342674929
2001-10-11,-3.7273695277209864,14.329373185672805,-0.8957184587258499,-1.3128748423224086
2001-10-12,-3.3597880712283064,13.454711763894466,-0.7072215484318018,-1.4873613722855985
2001-10-13,-4.45202591461798,14.382429390279976,-2.425929152451695,-1.3939447400275393
2001-10-14,-4.898974001187984,15.830565030739237,-0.46714798724682205,-3.1563210700503426
2001-10-15,-4.4108554916898175,17.014550133547,0.37808189460320596,-4.002526766919726
2001-10-16,-4.435185475631447,16.334756567324636,-1.462560170658063,-3.375013378408977
2001-10-17,-4.157318325938824,15.347997901017141,-2.5458585301520387,-4.664291569347812
2001-10-18,-4.920028440334684,15.071939102620984,-1.4973048189736202,-3.7631248188640023
2001-10-19,-5.961935698132084,16.27596281754974,-2.632103462136466,-4.016806306965472
2001-10-20,-6.088063525742137,17.055001342733924,-3.1227169547307,-4.984629199972561
2001-10-21,-7.40648838814557,17.209361323299326,-3.9248974637837617,-7.038206735245801
2001-10-22,-6.8118299867319845,16.455616571180073,-3.8676302569500876,-4.994222391677457
2001-10-23,-5.832521400839619,16.28653037039044,-5.10884928825334,-4.3466291155961745
2001-10-24,-5.547691461784438,17.93406718245472,-6.64585293087331,-5.351032409170308
2001-10-25,-6.874934830418885,19.696084579704436,-6.8452437928392555,-4.2906825973009095
2001-10-26,-5.686367443517923,18.988585639893643,-7.599894899513685,-6.613844108142144
2001-10-27,-6.070865863625208,19.68482184486089,-7.076539254378066,-6.004292048014715
2001-10-28,-8.551004836302903,19.92768180559531,-6.6541117305197774,-5.705931126813996
2001-10-29,-9.1780402537538,18.178147596036574,-6.258966566119987,-5.788740543167942
2001-10-30,-9.819366157465083,17.270616765037925,-5.72600272076948,-5.512351923188372
2001-10-31,-8.836121203030896,17.26383575629359,-6.921337964864079,-6.161130292848869
2001-11-01,-10.021332388931068,16.36931822887312,-7.316608866671799,-6.261857473702116
2001-11-02,-10.441087515154388,15.31093224097191,-7.54832696107244,-5.366153559652231
2001-11-03,-11.316249349933827,16.328879036657433,-8.914900607549542,-5.055089678467946
2001-11-04,-10.270826421196741,15.287844690028464,-7.719960206749625,-6.170833916217249
2001-11-05,-11.866801663938903,15.857737874262774,-7.365348887756601,-5.8637012514087905
2001-11-06,-12.308576830770212,16.961854163328123,-9.946271047070006,-6.150778780903283
2001-11-07,-11.968667932900985,17.674443624575424,-9.841903316258279,-4.73681356809025
2001-11-08,-11.23312529366442,17.454520057513484,-11.355848973245829,-3.3856663478981206
2001-11-09,-11.961351242383595,15.745102278648353,-12.410180782535553,-2.4205204451985516
2001-11-10,-11.39055633414728,15.77531861673853,-14.341633253252677,-2.026010055071701
2001-11-11,-9.82209229735632,17.0626144873421,-14.395301151451209,-3.306220957130184
2001-11-12,-9.456224096918119,16.13544483175102,-14.072198874504355,-2.883563109059404
2001-11-13,-6.994665880164392,15.449024784961429,-14.80780286828474,-2.155242373815053
2001-11-14,-7.792238065452562,14.159899104958573,-15.48177582283505,-3.717190622313612
2001-11-15,-8.91916937422556,14.276918810710463,-15.03957500963706,-6.545666157437399
2001-11-16,-8.422283579333044,12.9215661546325,-13.880010867281296,-4.686808559237698
2001-11-17,-8.092716160148363,14.009311023797142,-13.594184051645483,-3.2415847569695044
2001-11-18,-7.82396449509711,12.524899224540887,-13.462301732070353,-4.058403607143937
2001-11-19,-7.834691153098552,11.49412509585988,-13.122621587238786,-3.8143147770891535
2001-11-20,-7.752560687718705,10.27293510498386,-14.39808024291941,-2.4493458143566924
2001-11-21,-6.631602318079116,9.634282989499688,-13.909888721799634,-2.0195143964635562
2001-11-22,-6.171544616263549,10.211185256047814,-14.077455327237315,-1.7776416105241333
2001-11-23,-5.44439065111437,10.95984615569435,-14.500961648944541,-2.1040503496282694
2001-11-24,-5.711831557096019,11.342170820311026,-14.011487022573831,-1.4125654638826628
2001-11-25,-5.4955863296817435,12.851033400478515,-14.293422145985787,-1.7737484075762975
2001-11-26,-4.513388185509436,12.509430144165647,-13.190741017621606,0.12571195551568493
2001-11-27,-6.69186616787511,13.117896225029629,-11.56870564144689,-0.41846059912893274
2001-11-28,-5.732531258346027,13.557318684535765,-9.668748863107417,-0.15237772942936845
2001-11-29,-6.561672988806535,13.44870533106579,-10.102352985033964,0.3672028729827074
2001-11-30,-7.983214070901145,13.22813946342728,-10.770538685166553,0.6207660097048368
2001-12-01,-8.285974271775101,12.428584331487027,-10.655796911166727,2.2795195586958457
2001-12-02,-8.409791776778635,13.603650546272744,-11.437245003818301,4.369460484863561
2001-12-03,-9.631288069591397,13.309861199497806,-12.190702274831487,4.498865483313382
2001-12-04,-9.314948575836393,11.244163109968603,-11.258076518868078,4.45675197933742
2001-12-05,-11.075640724481929,11.44164021797194,-11.472714438657347,4.436061923855706
2001-12-06,-10.703574285488674,9.988381030402854,-9.953552105178408,4.251892174436038
2001-12-07,-8.544930051315639,9.208120680635147,-11.045720775147071,5.055845830621855
2001-12-08,-9.238058695152295,11.823561520538455,-10.383567365020765,5.390836167551875
2001-12-09,-10.009816624058539,11.842811989982605,-10.147362474379642,5.65992795197228
2001-12-10,-10.861609704705321,11.038577385566503,-11.150375573994516,5.048684042072007
2001-12-11,-10.812647345428283,12.078001773113897,-10.545294546880724,6.9487534165051095
2001-12-12,-10.975618538116189,10.991553027308772,-10.245763846922724,7.138483593523535
2001-12-13,-9.571918527125794,11.063737479858856,-8.606910433483208,7.998632686946656
2001-12-14,-9.326692419425688,10.560841106571687,-7.5477806258848235,7.061473535640538
2001-12-15,-8.418688962092789,10.704294173507948,-9.872853437640298,5.224200432331606
2001-12-16,-9.0334801388005,10.819596082317139,-10.86879530804901,5.7843440339351195
2001-12-17,-7.263434408820756,11.234232795940896,-12.121479204391514,6.861824125998572
2001-12-18,-7.102065970224035,11.401979053115166,-11.904305404057547,5.5479682679701865
2001-12-19,-6.015743289167343,13.84798405295733,-10.458610124476037,4.92277158967082
2001-12-20,-6.464262013428885,15.089088510228835,-12.095266498011046,5.396814947864012
2001-12-21,-6.35568854395156,16.29039797227277,-12.550956775999083,4.0522970858177185
2001-12-22,-7.4380186117582685,17.749264401531576,-10.17236796481177,3.7349375423387214
2001-12-23,-7.992997841400014,16.973949130049238,-11.714426940844973,2.5722197706139216
2001-12-24,-6.232356150976106,16.75424908258616,-11.17342394758318,2.015468332025078
2001-12-25,-7.748899059954679,16.952558260060645,-12.479195601669447,0.7611650547145075
2001-12-26,-8.590266144259816,18.068889317858044,-11.324262136237067,0.029009007763916794
2001-12-27,-7.707416537009961,18.369204195795486,-10.664690767494024,0.47568059135764224
2001-12-28,-7.832157793873597,18.557984485438876,-11.005513780821374,0.23201245313146907
2001-12-29,-8.789107084392175,18.154458789626435,-10.558724024298405,0.21757372870399894
2001-12-30,-8.224782505275984,19.019406457386065,-10.16312608473743,-1.1397234987988811
2001-12-31,-9.293059762812744,20.091044214037343,-9.464440714416282,-1.0157293092754334
2002-01-01,-9.104852646110828,23.052096924038512,-8.360805067759381,-0.5973471712576142
2002-01-02,-7.9873289150050395,25.455160062051444,-7.282958196523719,-1.9232868099479197
2002-01-03,-9.738465448833338,22.905031869646507,-5.391555436827406,-2.7008847677394625
2002-01-04,-10.559981450843003,22.98637197881659,-3.574179492449702,-2.9165000554464813
2002-01-05,-11.798588432963646,23.50057990507362,-1.750120795983601,-3.7575462968726523
2002-01-06,-11.904075686738196,25.27778120988666,-3.119495753080683,-2.4845594445290295
2002-01-07,-11.423409606090788,25.7338518752646,-1.6498500359699755,-2.426814854401022
2002-01-08,-9.970119435215603,28.828907654302682,-2.907433499421959,-2.778766662314035
2002-01-09,-10.353083857683533,30.06060057893919,-4.225929703921148,-2.625658361013289
2002-01-10,-8.695695876572481,30.614301540325283,-4.827257306332873,-3.0709429381088533
2002-01-11,-8.465641877203986,30.922046511067194,-4.8823941046791,-3.799906986479075
2002-01-12,-9.811088459297244,29.97592599898149,-4.336435946483282,-1.9682918856858809
2002-01-13,-8.94814827920382,31.170368597083048,-5.753728959122059,-1.7664348492867104
2002-01-14,-7.810077738515988,32.22639979760163,-7.015603152022694,-3.5267769428910585
2002-01-15,-7.889407513701318,32.34989431784599,-8.684830548764353,-3.2298142373108973
2002-01-16,-6.104087921211516,31.445605634149352,-8.359887123502553,-2.7073974562673415
2002-01-17,-6.798720561045473,30.48164817282459,-6.6674986177306454,-2.1067578281970736
2002-01-18,-6.151329887907788,29.086304332682406,-7.457265833837684,-2.118902560275476
2002-01-19,-5.500346973789886,28.70388923362993,-5.670687800375724,-3.08470641634242
2002-01-20,-5.653525348141048,27.98329593997799,-7.844055284757051,-2.1158343729864746
2002-01-21,-5.990235997392488,27.851557249453872,-8.16944186576085,-3.1685732889883145
2002-01-22,-5.892699719156321,29.057630071653637,-7.466449801552211,-2.2638793618133057
2002-01-23,-6.697572288559166,29.22886850403995,-6.853647534287844,-1.932832052015331
2002-01-24,-7.580634914419275,29.227509274652505,-7.348669656080851,-1.7792795817767764
2002-01-25,-8.25227499551508,28.853931958985555,-7.195407631336618,-2.058384154116797
2002-01-26,-7.410722250064396,27.87268179121848,-8.31376431355341,-2.152770371701507
2002-01-27,-7.17164348314566,27.144106905992544,-9.056977466094335,-3.7373506834934975
2002-01-28,-8.670895458593458,26.994253071499873,-11.306481311070186,-3.196370341909593
2002-01-29,-7.951455474382575,27.37449645909751,-10.210319756109866,-5.328136035347622
2002-01-30,-7.964905563756286,27.047242737505243,-9.678144405192974,-4.519098546663746
2002-01-31,-7.623511842813577,27.360826806707916,-8.603752745156166,-4.472127898349341
2002-02-01,-7.663796623067697,27.06431481412465,-8.575248726176996,-3.615491736478197
2002-02-02,-5.857257902340204,27.709686162721926,-8.851257370542049,-5.329957748186777
2002-02-03,-5.136623990432662,27.903698763588512,-11.569700523291186,-5.887405814858007
2002-02-04,-4.919110334675081,27.57252039732237,-10.47908401748651,-5.6948639894797735
2002-02-05,-4.22316761400837,27.107821238027206,-11.178596534869309,-5.437254027427518
2002-02-06,-1.922102617377032,27.637569358164786,-9.414369069429078,-4.967684434465345
2002-02-07,-1.265694747318197,27.721111491262235,-8.825520105373261,-3.2546231118049596
2002-02-08,-2.155026812635276,25.26732196510836,-7.907016090065129,-5.62740496570471
2002-02-09,-2.8896096957832675,26.015661266806003,-7.916642395107657,-6.941545184031056
2002-02-10,-0.41346091710571864,25.70537187822549,-6.305071809538757,-6.769555061094184
2002-02-11,-1.0049463859121384,25.318001760330805,-4.166410917426734,-7.650554291669195
2002-02-12,-1.1341310956467692,27.133206211345613,-4.49026925389397,-8.207749447391713
2002-02-13,-2.8211438026394076,28.421615855414284,-4.990108267222286,-7.812365099348215
2002-02-14,-3.548661410637553,28.60165678416895,-5.575736714696495,-6.72246454810477
2002-02-15,-4.829467825864971,29.47907207442774,-4.7160677860254605,-6.785424440925107
2002-02-16,-5.560752856132249,27.30543229924106,-6.555559405639334,-6.870121555222213
2002-02-17,-4.6217095178216185,26.033248855162814,-6.081597704833647,-5.475254907857493
2002-02-18,-3.8849895919845663,25.316604519403185,-5.45303206792044,-4.517666782892826
2002-02-19,-4.264691867251667,24.482450246038486,-6.632290989092871,-4.764316643094015
2002-02-20,-4.377224692580963,25.58390605250724,-6.146092504320789,-3.5166345248453688
2002-02-21,-2.863340725114984,25.957658639783087,-3.4111247640115288,-3.808859703651645
2002-02-22,-2.4212296644422184,24.649326088195473,-2.230242992914815,-2.1524549446590964
2002-02-23,-3.88041954199419,23.337861953734457,-0.6283146638569621,-2.303011098872053
2002-02-24,-1.377075972099175,24.334818426378547,0.7404366274512264,-1.2185116557744173
2002-02-25,-0.9754609557089778,23.96123607073018,1.6458569639466356,-2.7509374332975436
2002-02-26,0.2703598207332819,23.76243248126806,1.9741455263961638,-2.0683382316712593
2002-02-27,0.09812932471745178,24.171623670989874,2.1725899309786434,-0.141012079043074
2002-02-28,0.38877344373808786,25.77177117020688,1.9476875931005293,-0.4158546440361978
2002-03-01,-0.46941912200694014,26.00836937420836,0.554390587421671,-0.8276754987377268
2002-03-02,-0.47308536312988464,26.694171818133405,-0.5318455558455522,-0.9758263793875152
2002-03-03,-1.6690847332890961,26.543536043277797,0.06190858633717733,-1.6479930240830538
2002-03-04,-1.8347158520540572,27.249616539655158,1.9422750974637053,-3.2530164941314426
2002-03-05,-1.1631183691807345,27.8102880990599,1.7106897800854415,-2.987360480339422
2002-03-06,0.04973874515790211,27.7705702549399,3.5612835616079828,-2.997744542085604
2002-03-07,-0.20326653360677188,27.171156522152614,5.186664024579293,-3.5556372257465187
2002-03-08,0.3581788056554533,27.49334044548572,4.619242917479679,-2.767162089850596
2002-03-09,-2.7606556714059662,28.373433419374944,5.896586120026445,-3.0743591458774606
2002-03-10,-3.7201793777926486,28.320392552598864,5.673262559966676,-4.547922790488599
2002-03-11,-3.998663592133909,29.089213442288088,5.587259133385579,-5.385110907879677
2002-03-12,-6.070329368903736,29.7414989770916,5.853390969537485,-6.590391194376225
2002-03-13,-6.90491815774033,30.07860815116536,6.633210948656866,-7.746277851238806
2002-03-14,-6.298555937770461,30.80114330780223,6.72806997026701,-6.638180547622905
2002-03-15,-4.575734523524645,32.244525047791576,7.440702367315764,-6.989421988593683
2002-03-16,-4.200347112104971,31.49367082603807,6.204459294580842,-8.286535952380655
2002-03-17,-4.2353432574557255,31.01407514494172,5.073891405819483,-8.091531869127854
2002-03-18,-4.16118748594564,31.249347486508388,6.26578243474648,-8.910808491877205
2002-03-19,-3.6925709203649584,31.86531164860352,7.442006965576462,-9.288720618106252
2002-03-20,-3.238112591560001,32.27692689720491,6.859374351354804,-9.812466174567462
2002-03-21,-3.0015309520423137,30.828432044684874,7.860439500595578,-10.562641845084842
2002-03-22,-2.554709388471143,31.97899965961757,7.8785384266347185,-8.592165784435103
2002-03-23,-2.4892848475517586,32.074978172327036,8.67484328943983,-8.309883597017116
2002-03-24,-2.923508618317938,30.417395286174354,8.86156605738417,-7.7688616647808075
2002-03-25,-2.843127453555724,32.42277628037429,9.56084766800099,-6.3940867185562285
2002-03-26,-3.5104969995275077,33.40917097437153,9.509758083517147,-4.616272763895079
2002-03-27,-5.314009538378368,31.961647785212,10.776525554285362,-3.6987238840225847
2002-03-28,-3.5346294068791497,32.986129273691745,10.07559943373472,-3.730553389099817
2002-03-29,-4.980324577864015,34.42345244094791,10.543262310553697,-2.757889830491786
2002-03-30,-5.135747920498687,34.967326142130084,9.225193394314648,-2.2326179576499525
2002-03-31,-3.5973335591120312,32.706445584785975,9.47509938444412,-0.9266893758427641
2002-04-01,-3.631508771033257,33.542186913091136,7.7338347837017105,-0.325928411711901
2002-04-02,-3.4142528751768704,33.53804996308775,6.548698122317928,-0.5636523649717748
2002-04-03,-3.0570100826166695,33.703808994225525,7.147634967425745,-1.4749652154420592
2002-04-04,-0.6951622415028083,35.42162078902453,6.479793677299964,-2.00997585104298
2002-04-05,-2.5645100139744805,33.559566321309546,5.526498498803147,-1.356267556970182
2002-04-06,-2.4118622436913597,34.203087778517386,5.01002055901792,-2.3358500026138405
2002-04-07,-0.28912616682078607,33.59534619812055,4.008829254722853,-2.0899673423714096
2002-04-08,-1.4149953299829834,33.16200596461928,3.210657947996358,-2.2825234785004325
2002-04-09,0.8083613518576698,34.068041119857405,4.169421936233052,-3.3112675837781564
2002-04-10,1.8656071537015952,32.732882720156034,3.063617604758975,-3.4488565649903102
2002-04-11,2.9575408737789077,32.6775193400408,3.6417528216993453,-3.8005008317239533
2002-04-12,2.8037173655069862,32.48819497766938,2.804041273789456,-4.306177857900959
2002-04-13,1.6966680261246627,31.915308035100978,1.6363186498741589,-4.940658568296291
2002-04-14,0.3830231356055258,31.295640527792955,1.7982039908843712,-3.441253973713372
2002-04-15,0.42178987446438054,31.670772614665395,2.833486187274519,-3.6127950891319602
2002-04-16,0.6492499003103025,31.15763233544055,1.2536481104430521,-2.396073356187672
2002-04-17,1.099601651007582,31.020130605500892,-0.2977548551806368,-2.654987631205409
2002-04-18,1.9703673589966766,30.310151027521204,-1.7455814825732823,-2.665091917447829
2002-04-19,2.3924301938571957,31.634670887146477,-1.7841327595680432,-3.432189678170927
2002-04-20,0.3491429386713736,32.27437676892447,-3.5945549599954365,-2.980943867585178
2002-04-21,1.1729454072829797,32.861941544795805,-2.919957888497548,-1.9613427296765154
2002-04-22,0.9031523736142573,31.571389508173272,-5.101888038007199,-1.705990673900871
2002-04-23,-0.6563448148604714,31.392372315951164,-7.096207944785049,-2.273966019580078
2002-04-24,-1.0994667167783445,30.33613214197402,-4.242933546119158,-3.5432316329196976
2002-04-25,-0.7406407809266552,30.223274357150295,-4.224538230053885,-2.45109500535617
2002-04-26,-0.1091905454656561,29.64025268939533,-2.309586431595073,-3.927865382269651
2002-04-27,0.38585355475787125,31.130348186096672,-1.8291794657011915,-3.12731983977436
2002-04-28,0.3512662057363328,31.220206278029313,-2.038459027655867,-3.1264206645967727
2002-04-29,0.31628128387857324,32.87019218273938,-1.6556348891756767,-2.393250171066235
2002-04-30,-0.23928000793701232,34.50193276391441,-1.377454756296156,-2.770806038194685
2002-05-01,-0.7795362219826244,36.12663738001452,-1.399895586995926,-3.99608823406751
2002-05-02,-1.0930260822929223,36.53426927070639,0.9355233407648766,-3.511788594198855
2002-05-03,-0.09219164201977215,34.59669455556553,1.8521986393000123,-3.4142590678519262
2002-05-04,-1.263178602797734,35.258325640277334,0.7329120750251501,-3.945599836406821
2002-05-05,-3.0879828408105983,35.91161977097612,0.7479244171675969,-3.3725647604431668
2002-05-06,-2.9552849009552533,35.851886935007116,1.9362207620395913,-3.0129609811893485
2002-05-07,-2.9321012057754245,37.4723650643341,1.7345773919303724,-1.9911149667983452
2002-05-08,-3.7623813973201043,36.769240764683445,2.3729392320358556,-2.6753885806063082
2002-05-09,-3.9112700460321324,36.575737302158466,1.755618614040928,-2.454184060196842
2002-05-10,-5.284615605312804,36.58749050276663,0.012529400197045293,-3.4090389359618984
2002-05-11,-6.111683993639499,36.03821087193302,0.07487661194090836,-5.350566323804916
2002-05-12,-5.331719981026429,34.3489674466451,-0.729126376968096,-6.192674185682338
2002-05-13,-3.7795521081679055,35.15864527175741,-0.204628958530083,-6.933178794838069
2002-05-14,-3.507954435279383,34.40097160557537,0.05114591428492482,-6.645402253054148
2002-05-15,-2.979753613492578,34.11615643239375,-0.08111863772453828,-5.255130701273933
2002-05-16,-2.0241871716909543,33.053174339294955,-0.5881494093559614,-5.6085438218749575
2002-05-17,-2.6229331004781056,33.61688573004217,-0.39686889939258047,-6.419665809517391
2002-05-18,-2.8182617387962763,33.75237880853659,-1.429770716347232,-7.793385349919077
2002-05-19,-1.0646164460520329,32.12816917146631,-1.8610541593226628,-8.224668544483077
2002-05-20,-0.4804472093057798,31.155167057236802,-2.145124129153835,-8.523831281340527
2002-05-21,-0.09626279191807818,31.49754341523253,-1.9122799784290672,-8.595908760619102
2002-05-22,0.49585722285612777,31.347314729219498,-2.7490659983384766,-9.526869420510831
2002-05-23,0.8849780095649689,32.32921807562479,-3.6869413793529455,-9.426116657973276
2002-05-24,0.4468410784760009,31.885837399173916,-3.065251696780612,-9.206029938927616
2002-05-25,-0.4183826793707796,32.434118338839276,-3.843470041875599,-8.462661376518103
2002-05-26,0.837776419619213,32.87906121658598,-4.15295265638416,-8.152168684192915
2002-05-27,1.4256600687277623,33.350916335948675,-3.7634211517393052,-7.26373407330337
2002-05-28,2.0012532771168168,33.30508946144685,-4.653318919538055,-7.759131848997376
2002-05-29,1.7952990657196184,31.6740587643889,-4.11359631282418,-5.734568724339468
2002-05-30,2.4341883466632623,31.607835447705035,-4.247780599136885,-5.4927050646257305
2002-05-31,2.7664030882034623,30.938861897716254,-4.684511811176819,-7.598996900005007
2002-06-01,2.221762645596889,31.245235734798563,-6.206503488552537,-6.130265380166746
2002-06-02,2.1964108658776227,30.990910299482714,-7.259637314492491,-7.11185577465449
2002-06-03,1.941251810318475,30.917960577358254,-7.778450022060592,-9.446715337023365
2002-06-04,0.42937291236000386,30.370065630316475,-7.468452423518181,-6.894248792040026
2002-06-05,1.9652128563970812,30.556079697439706,-7.643439703836926,-6.816070453183564
2002-06-06,1.2712091246058113,32.06769093489132,-7.680289815868721,-5.855406403325018
2002-06-07,2.8016126190588784,31.097429458930478,-6.422683452946867,-7.406678902230242
2002-06-08,1.5922432878678356,33.12200078947891,-7.032421803673972,-7.391469941452328
2002-06-09,2.193586321433389,34.196273660455674,-4.466969396460295,-6.881034270022983
2002-06-10,1.586973127170833,32.714205629692415,-3.9255922056939756,-6.639720014973298
2002-06-11,2.508438907269131,32.24539935010497,-3.779312781226281,-6.839464878777878
2002-06-12,0.6927554427507545,32.14776956735004,-3.4245110297024306,-5.7282425900389695
2002-06-13,1.8282753526227156,32.97830114370723,-2.744107795488885,-6.466843687405372
2002-06-14,-0.0911492268979257,33.86893702946802,-3.0480057769003843,-4.116276682692321
2002-06-15,-1.2991240732567928,33.91594510945228,-0.6848140402327063,-4.907323911133062
2002-06-16,-0.05004916546009208,34.08821783167876,-0.07215910377166868,-5.758767249301057
2002-06-17,-0.058060110543747045,34.414013927603264,0.5595056440496488,-6.697609805302777
2002-06-18,-1.2358358310069242,34.37731652810752,1.3452230466571709,-7.765689607528003
2002-06-19,-0.09305216490064683,33.08226026661199,1.2916309294252784,-8.241481295276872
2002-06-20,-1.933589090539006,35.75275935567767,1.4256735231642768,-8.19852319004611
2002-06-21,-4.796893525233552,34.6482956539824,1.7597874047531368,-9.499186175881196
2002-06-22,-5.684498027519989,33.82714048048775,0.4060175076178463,-11.321279623446932
2002-06-23,-6.454820770936827,33.02810372785009,0.11829752306725971,-10.912281425805446
2002-06-24,-7.1257706519494874,33.088862055043215,0.5090070910719827,-8.921244335385984
2002-06-25,-7.433178913099885,33.43082255978162,-1.9543494916327204,-9.39989171688202
2002-06-26,-7.293176800260743,34.313407687276765,-3.219275363014562,-9.35732100453044
2002-06-27,-7.001094171837054,35.19814265590297,-2.814865278764681,-8.305294474890585
2002-06-28,-7.362635055967466,34.46826572822907,-3.5127758280338433,-8.125697214536432
2002-06-29,-6.22833946559899,32.90057332263507,-2.4913506782617834,-9.474500438648462
2002-06-30,-5.5859654209330305,33.04716435762389,-4.010197115908762,-8.720523284071765
2002-07-01,-6.955939381621414,33.30740915029395,-5.146263068620894,-5.94350797567377
2002-07-02,-6.618161167008198,32.56940949409079,-4.684334498302092,-5.718877617363324
2002-07-03,-7.794512577427912,33.37045102675706,-3.5160957307593232,-6.986989091393561
2002-07-04,-6.142475558985099,30.816177633650376,-4.810890417434679,-8.015463091617459
2002-07-05,-6.665504606114071,30.046252716271287,-4.717718223274021,-9.23695797375903
2002-07-06,-6.330522644107113,27.868983539384335,-6.210571409302645,-9.36692711933331
2002-07-07,-5.406929581974816,27.726086563660676,-6.433034016623117,-9.094721040861543
2002-07-08,-5.774601233938891,28.75075175462481,-8.436342476108145,-7.388755802542696
2002-07-09,-6.510574312941827,29.24512037515237,-9.476805625975892,-8.413740237771888
2002-07-10,-7.037445379288208,30.160931124789435,-10.026100429061033,-7.956652755027697
2002-07-11,-5.5064568490838415,30.130248375687145,-11.505743074504363,-8.305548881761215
2002-07-12,-5.159448332934306,28.068132408618926,-11.731358632804104,-9.302514727281107
2002-07-13,-4.190725397717067,28.049541526762475,-12.846924013469737,-9.581245759789622
2002-07-14,-5.503595093753089,28.633905969600146,-12.090926803607159,-8.060587683148718
2002-07-15,-4.191284776820279,28.822374673528348,-12.73080752299419,-7.777869314421553
2002-07-16,-4.652855077544606,30.20477702193954,-13.86635020627074,-9.008663779496802
2002-07-17,-3.6386273490184013,30.901548169308548,-14.19388369898879,-10.144106085689002
2002-07-18,-3.257363596561774,32.07130328687277,-14.150904126436306,-9.099247623591058
2002-07-19,-4.31947773473301,32.93683237412951,-13.340767426977848,-9.562516321754165
2002-07-20,-2.8794239611252594,33.8849483560353,-13.006073414197468,-9.43222766059193
2002-07-21,-2.0194817546734423,33.12864317946915,-14.108618315937978,-9.833536643936212
2002-07-22,-1.6418944785220866,34.101972896708226,-13.142689359660611,-11.20645760414377
2002-07-23,-2.3766182861458995,34.23267802925286,-13.230474832116998,-12.557782889940926
2002-07-24,-0.9473983613562644,34.247862890009635,-13.128595690429556,-11.904708444683461
2002-07-25,-0.7723590456410712,35.535526531786,-11.16594793825633,-12.342187103673552
2002-07-26,-1.0637139336238064,36.328478162932115,-12.863035323752051,-11.2051553361683
2002-07-27,0.5500345669521685,37.37555831855904,-12.932737780669529,-11.34045590055579
2002-07-28,1.4443492260681574,38.57844647114433,-13.101115139047762,-11.971788603385525
2002-07-29,1.213622928081296,40.517753035238165,-13.385982552011432,-11.53304894227476
2002-07-30,0.41051599909536884,40.5556527183474,-12.115524918026452,-12.191133650570343
2002-07-31,-0.68096986156268,42.56022949243071,-11.752907612242591,-10.772848950745734
2002-08-01,-0.8949968755095206,42.17305393234015,-13.898139823784838,-11.466957387355807
2002-08-02,0.9079028709618728,41.85514610614055,-14.41690761482271,-10.637108813612244
2002-08-03,1.2965993965019453,42.351109666791885,-14.522292130101189,-11.02822748691789
2002-08-04,-0.3169818962285329,42.95071000755555,-13.808585008286462,-11.415831196322756
2002-08-05,-0.5681879012602138,43.24093748371293,-13.502598895686107,-11.248146246573132
2002-08-06,-2.0725459757400135,43.226738776341044,-13.978348284231839,-10.50105150941523
2002-08-07,-2.1291556050557383,42.33625308359589,-15.300044238205496,-11.441507678520768
2002-08-08,-1.456968481627852,42.800187238725606,-14.575430954346208,-11.247168425385382
2002-08-09,0.4413919237285897,44.47385281127088,-14.675592190652198,-11.758130577148385
2002-08-10,0.06851756875993276,43.46786478053737,-15.213755097623455,-11.053638664101031
2002-08-11,-0.7429950635447227,42.95061727849309,-14.761315171988286,-11.175367841367267
2002-08-12,-2.0134352522688053,43.12806153751297,-15.080530021202664,-13.37066969180535
2002-08-13,-1.7158177564015125,41.70657920945623,-13.573361900870196,-13.633735731599637
2002-08-14,-1.23641499776747,43.04103905916789,-13.056383568472022,-14.611972693890845
2002-08-15,-2.7434918279109075,44.192305090533445,-13.17129686642458,-14.4900252680955
2002-08-16,-3.332428829499708,43.83500849258433,-14.180210343889947,-14.491611944697349
2002-08-17,-3.1503581326370056,44.007482842525064,-12.680989200824024,-14.4494489513522
2002-08-18,-2.1946659828116766,44.54847834422795,-12.655106013925602,-13.31355721074912
2002-08-19,-2.5811762999330146,44.24638706812809,-12.271120013248636,-11.876324801876596
2002-08-20,-4.066039900252029,43.86525731101634,-12.608263112743145,-12.31647103182549
2002-08-21,-4.086068853089753,41.703811174523366,-12.14391282273387,-12.365476177752836
2002-08-22,-5.024237003859572,41.888669969094785,-12.044322839547165,-11.059726510487742
2002-08-23,-5.059567433204923,42.758747375593764,-12.329566709427072,-12.880844513345014
2002-08-24,-7.190540019286372,44.4584037794518,-12.57137681418095,-12.759691047825784
2002-08-25,-6.259957770515658,46.007405197006584,-11.27667160212227,-12.882484854273493
2002-08-26,-6.266402930228728,48.176645469947495,-11.932002430481049,-13.657289750641596
2002-08-27,-6.135758242960953,49.52265419875935,-11.878235801632734,-14.355736778703337
2002-08-28,-6.214618513701969,49.48573457192217,-10.58253222139047,-14.696644821910988
2002-08-29,-5.775423165447238,48.020939412000644,-11.627779162466386,-14.080599421187571
2002-08-30,-6.330429143696956,47.267084154206465,-10.890368101301288,-13.466532510812987
2002-08-31,-6.603083830876288,46.05182458670405,-10.46976509981531,-13.768221809560343
2002-09-01,-7.750978309334087,44.981899856487395,-10.46190894702763,-14.237794365822765
2002-09-02,-7.088311341523133,44.16736678377394,-9.758192084663628,-13.627835824036147
2002-09-03,-7.306931881366485,43.38466142142003,-8.034353967369471,-11.963605442992087
2002-09-04,-7.046679544001832,42.14913939041911,-7.806118161189252,-12.463661695607401
2002-09-05,-8.742164773257727,42.21733226085116,-8.250913530373126,-10.555337895821422
2002-09-06,-8.516685866314536,41.51420055726627,-7.224686450695033,-9.296932432048276
2002-09-07,-9.004340086958674,43.37376317605078,-8.613882858064446,-11.32681391480408
2002-09-08,-8.79577373506942,40.808789461120455,-10.349289930167734,-10.468185159531748
2002-09-09,-9.868582670006255,41.84418965804155,-10.887298125851505,-10.957427965268202
2002-09-10,-9.640939750734008,41.614644154231364,-10.005740172085634,-11.60830362425058
2002-09-11,-7.861718371999002,41.26383349965463,-11.765490007017743,-13.3489105551529
2002-09-12,-7.050050906069126,40.33550421754517,-11.521329930943075,-13.718866344113916
2002-09-13,-6.790198286442319,38.717033333244714,-12.148575931101533,-13.758881080196652
2002-09-14,-6.855284338845341,38.6504701439708,-12.441038250729713,-15.002804881633532
2002-09-15,-5.811157926613027,38.00895845652166,-14.086205230972144,-15.334271353223743
2002-09-16,-5.079101160521402,37.72508535956051,-13.419747153328998,-16.076032164822475
2002-09-17,-5.102679731089524,36.18371546299248,-12.828570868861968,-16.278029639608338
2002-09-18,-4.132473010055645,35.746515580308944,-10.74226222698167,-16.886135050949605
2002-09-19,-2.990126694174442,35.5818176634668,-11.501371131551345,-17.770811118851235
2002-09-20,-1.8647203878443444,36.2753498444051,-10.819177093576169,-16.917506333564525
2002-09-21,-2.7961338464731065,36.127304687550925,-8.79791260134276,-17.490338344059268
2002-09-22,-1.2880141182487352,38.005162529892715,-8.771490738731567,-17.41847045295687
2002-09-23,-1.8638438686118841,38.257957588911864,-8.46545259972018,-17.052056206419696
2002-09-24,-2.77918537910065,38.84500471965196,-8.760222431082763,-16.78634999453389
2002-09-25,-3.2165135122631323,40.83299009493453,-8.9582701824415,-17.601362401596667
2002-09-26,-3.3821518504633863,41.07445235058458,-10.477491056345757,-16.707863111954147
